class_id,class_name,precision,recall,ap50,ap50_95,baseline_ap50,baseline_ap50_95,delta_ap50_95
78,hair drier,0.12493739101542631,0.2727272727272727,0.163434411017439,0.05287215898914864,0.08041379184196085,0.04213502948048845,0.010737129508660188
47,apple,0.40224862319919363,0.3050847457627119,0.2927339274742893,0.20847052563985788,0.31609086827431276,0.21728700898022546,-0.008816483340367581
10,fire hydrant,0.7362830443651582,0.8016502908631777,0.8472627934116816,0.6961482748325796,0.8657718274938131,0.7052336187126432,-0.009085343880063657
11,stop sign,0.7079180179229072,0.6933333333333334,0.7291321565228399,0.6609588901279839,0.7383663332503112,0.6711913299660814,-0.010232439838097518
24,backpack,0.5176587884079138,0.21293800539083557,0.24631945746368916,0.14125314164804417,0.2787894507515753,0.15739548667422715,-0.016142345026182975
12,parking meter,0.7357097570750868,0.7,0.7218876224662018,0.5420614144128976,0.7114149349028147,0.5584405570891332,-0.016379142676235636
32,sports ball,0.7585878055495747,0.6115384615384616,0.6323011825449538,0.4418876777151426,0.6332352927211502,0.4590535294081574,-0.017165851693014822
26,handbag,0.5515540778985252,0.2222222222222222,0.25981150826715205,0.14749824797939598,0.29987416889222995,0.16808851346739284,-0.02059026548799686
9,traffic light,0.6953668992778299,0.37804031254758685,0.46628018973915464,0.24289879041413695,0.49339751482412075,0.2647056469396607,-0.02180685652552375
43,knife,0.5506551947133735,0.20923076923076922,0.29143461159458683,0.1798367162084915,0.3245056842074038,0.2022061577002857,-0.02236944149179418
33,kite,0.5831379279173061,0.6330275229357798,0.5909992475908138,0.4104082915475935,0.6204499727746644,0.4330525437003635,-0.022644252152769995
22,zebra,0.8060049883115785,0.8434530007952281,0.8938219802528861,0.7013460271564721,0.9144041930989836,0.7248996393821135,-0.02355361222564145
35,baseball glove,0.6071560883436845,0.6081081081081081,0.6223697049629829,0.3672526507411291,0.6534578264121773,0.39093905150199737,-0.023686400760868254
20,elephant,0.8076971878157422,0.8452380952380952,0.8686544615498885,0.667413524702158,0.877141146405741,0.692511911206388,-0.02509838650423002
73,book,0.36095529204612437,0.2191305622331038,0.20485614280260836,0.10606526860655592,0.2485830464115326,0.13129754877041278,-0.025232280163856854
29,frisbee,0.8377637363799258,0.8082585609656497,0.837148668264128,0.6540950423803109,0.8577671608828965,0.6803147040597604,-0.026219661679449446
3,motorcycle,0.7491338503204048,0.6757493188010899,0.7254532464819462,0.4690375188868077,0.7499479481742087,0.49594899292687133,-0.02691147404006361
66,keyboard,0.6408758885435952,0.6648416548552,0.7136934456667267,0.5163862639609623,0.7192409375098832,0.5443236925109927,-0.02793742855003034
39,bottle,0.6692291259753808,0.4471865745310958,0.5372950700446044,0.36117386108977956,0.5732875012818542,0.3900658260409368,-0.028891964951157256
48,sandwich,0.5810808716714867,0.4576271186440678,0.5046508617574751,0.39008360530937597,0.5524653670412062,0.4189968466540438,-0.028913241344667828
13,bench,0.6108549047035889,0.3170049032978333,0.35923131156893984,0.24588213254612595,0.3940098121493336,0.27525617559378873,-0.02937404304766278
5,bus,0.8815217925670178,0.7279151943462897,0.8301218093284487,0.6965981822340124,0.8556606449706285,0.7262103063072407,-0.02961212407322833
0,person,0.8553366708859598,0.6517742455347616,0.7826728472087116,0.5493715441674637,0.8052284555269599,0.5794151735874705,-0.030043629420006823
25,umbrella,0.5898902949961626,0.6191646191646192,0.6185426371235333,0.42329833709220405,0.6549265679162753,0.45434863033972117,-0.031050293247517124
46,banana,0.6035193636560292,0.3085542468067752,0.40331100615124904,0.24182764153067282,0.4231446819617595,0.273591498223754,-0.03176385669308118
60,dining table,0.6248500043533928,0.40981007954261384,0.4607507791516719,0.31531474117076785,0.49791297494313147,0.3479072635285442,-0.03259252235777632
54,donut,0.5677519553420739,0.6310975609756098,0.5836796813613445,0.4518880152337572,0.61721777418783,0.48463069150532406,-0.03274267627156685
14,bird,0.6231682447385444,0.47540983606557374,0.5039602752675783,0.32629723199379085,0.5306804577919957,0.35988179268684084,-0.03358456069304999
52,hot dog,0.47311485940499903,0.512,0.5139423144430686,0.37567733041299295,0.5371938646492032,0.40929643103495106,-0.03361910062195811
51,carrot,0.43525148990917767,0.33424657534246577,0.3167766923352689,0.19827755910170847,0.3652532112104515,0.23410205461298048,-0.03582449551127201
36,skateboard,0.761575203915981,0.7316323610269563,0.7588078633679347,0.5531504620400451,0.7890053572618282,0.589327994930592,-0.036177532890546815
15,cat,0.8127469998417819,0.8594843746024878,0.9049971571691976,0.7208291737336187,0.9236538245123297,0.7589807268333886,-0.03815155309976992
38,tennis racket,0.8871917816997084,0.6533333333333333,0.7485517722308569,0.4876560563344919,0.796250509847068,0.5280995214651567,-0.040443465130664824
19,cow,0.7830680963270045,0.6854838709677419,0.7492211387431769,0.5510818020455683,0.7934453121699351,0.5920694129150949,-0.040987610869526514
28,suitcase,0.5497638145277526,0.6493255461815488,0.6279149012208386,0.41830632405190116,0.6735167619087472,0.4603785170720235,-0.04207219302012233
1,bicycle,0.7704261728688614,0.43312101910828027,0.5235529497627129,0.3000006915016994,0.5703058354643136,0.3426055105432628,-0.042604819041563435
44,spoon,0.5382645428637611,0.2608695652173913,0.26255924470496356,0.1637180623164428,0.3101944165802468,0.20641578948952155,-0.042697727173078764
50,broccoli,0.5149697780646721,0.3076923076923077,0.343850134658908,0.19457254074747662,0.39970006009454884,0.2375843606833173,-0.04301181993584069
23,giraffe,0.8559634143837053,0.875,0.9068497488295554,0.7090558594107146,0.9305595758909699,0.7525129249647831,-0.043457065554068475
40,wine glass,0.7177104059217552,0.424987287196332,0.5198187821808065,0.33660880990233144,0.5747614324745038,0.3814995078235325,-0.04489069792120104
27,tie,0.6845386080211344,0.430553881802138,0.4891150936818806,0.30675449054216364,0.5333553016335569,0.35314204883196487,-0.046387558289801234
64,mouse,0.6460809689887872,0.7358490566037735,0.7363552704654328,0.5654650754096393,0.7890467197848877,0.6124506598187462,-0.04698558440910694
56,chair,0.6241634196884857,0.3619424054206663,0.4575790155846463,0.29395698372534224,0.5168162931873578,0.34110119804035366,-0.04714421431501142
2,car,0.7932907468302189,0.4982224650766115,0.6229411770121274,0.40818931232265043,0.6755495303592931,0.45661567809117176,-0.04842636576852133
41,cup,0.7949270608440882,0.38994413407821227,0.5425690594540498,0.39970232937649086,0.6031125602515919,0.44813085903697136,-0.0484285296604805
53,pizza,0.732715134033113,0.6795774647887324,0.6948479167707082,0.515694385837764,0.7412948161004462,0.5641621318068832,-0.04846774596911929
62,tv,0.6350169606048387,0.7534722222222222,0.7593393986669392,0.5744278127160085,0.8133631846409337,0.6243862696818117,-0.049958456965803144
8,boat,0.5458488472007558,0.4009433962264151,0.45128908376389454,0.24612883844448152,0.5179590080760532,0.2985943386796715,-0.05246550023518998
18,sheep,0.6910539224886223,0.7231638418079096,0.7420971812110777,0.5198326138974518,0.7828328902044868,0.572374600709931,-0.052541986812479125
58,potted plant,0.5776926588186975,0.3639884029156323,0.42780957639216,0.25030492745463306,0.48943873434284896,0.30293618755978324,-0.05263126010515018
59,bed,0.6475581614914714,0.558282208588957,0.632508250473161,0.447369820705459,0.6942553544262744,0.5004015549229655,-0.053031734217506454
65,remote,0.5972766111920528,0.38869257950530034,0.4402101964476147,0.26043180809027466,0.49229465076173523,0.31529925809328463,-0.054867450003009965
71,sink,0.6897588594852907,0.5066666666666667,0.5664741406296205,0.37118360871072487,0.6221630499941,0.4264051594326479,-0.05522155072192303
45,bowl,0.6757956524085875,0.4622792937399679,0.5443710459855353,0.3918163883778471,0.603245857928744,0.447351672923721,-0.05553528454587392
37,surfboard,0.7516423944504493,0.5093632958801498,0.586217264872702,0.35689100636143944,0.6338549510507161,0.4128741884962846,-0.055983182134845155
74,clock,0.6919884033896667,0.6816479400749064,0.7146613475805741,0.47556576993827304,0.7452459639487914,0.5316124445574835,-0.056046674619210424
63,laptop,0.6674334075350982,0.7272727272727273,0.7512537790821153,0.6062779556658054,0.7935351741039589,0.6628997486748044,-0.056621793008998944
55,cake,0.5880144557848067,0.5387096774193548,0.5372351953123554,0.36753845891744696,0.6216017939019628,0.42547967698304623,-0.057941218065599265
6,train,0.8107761506571454,0.8421052631578947,0.8907701112015725,0.7003442181995361,0.9327417922339606,0.7591382794645988,-0.0587940612650627
30,skis,0.6133097104390532,0.38333333333333336,0.42448489524081723,0.22671349119040912,0.49949452336389033,0.28631425852977543,-0.05960076733936631
67,cell phone,0.7350031679113626,0.3705251489478604,0.4839378491369949,0.3158575568067749,0.5651815452373836,0.37588798234424153,-0.060030425537466625
75,vase,0.6045740096076819,0.5022032620135922,0.5038199971330413,0.356258157312605,0.5853518176051941,0.41897814056063815,-0.06271998324803313
79,toothbrush,0.47458001914597203,0.39624738469706167,0.3786453036905856,0.2624258261937573,0.45504693541253016,0.3251515959197535,-0.0627257697259962
4,airplane,0.7901305994405847,0.8531468531468531,0.8718548057579836,0.6910860819345106,0.9331256191428682,0.7551670026633163,-0.06408092072880567
49,orange,0.4551184001841005,0.36140350877192984,0.32972442767797283,0.25241262701651257,0.41290749933968396,0.3187119411813336,-0.06629931416482104
34,baseball bat,0.6631601937597745,0.503448275862069,0.5098280602740147,0.2997671541847464,0.595638917419907,0.3676408614819872,-0.06787370729724079
61,toilet,0.7783473841163073,0.7486033519553073,0.7895605764239538,0.6350300370339633,0.8495620020813627,0.7032275334765412,-0.06819749644257789
16,dog,0.8573510915867828,0.7064220183486238,0.7809853553895982,0.6428231502328738,0.817908562573016,0.7111796147246587,-0.0683564644917849
68,microwave,0.47340481794443584,0.7454545454545455,0.7108648844057112,0.5664029351209569,0.7843799046571929,0.6350823984842725,-0.06867946336331565
42,fork,0.6786796710430328,0.3627906976744186,0.47781412304367704,0.333206404421592,0.561310629830575,0.40193542937475557,-0.06872902495316358
57,couch,0.6215973185879412,0.5823754789272031,0.618061702546123,0.457038341070099,0.669117741473623,0.5285276516693992,-0.0714893105993002
7,truck,0.5140723007540254,0.4758454106280193,0.4839216988388404,0.33916473990536616,0.5793623170601296,0.4110608864224277,-0.07189614651706155
77,teddy bear,0.6279200811293194,0.6263157894736842,0.6563740052274614,0.47103463025693293,0.7135552368228022,0.5436812241916049,-0.07264659393467199
70,toaster,0.30805763167565064,0.7777777777777778,0.6282232879537953,0.5012745977722772,0.7701388888888889,0.5741527777777778,-0.07287818000550061
21,bear,0.7769474845915557,0.8831140063797189,0.8680679045844294,0.7041944256637674,0.9308223298397893,0.7803001223124942,-0.0761056966487268
72,refrigerator,0.6934609994715794,0.7380952380952381,0.7468031431812967,0.5943911812119809,0.7965533555981172,0.674091469989769,-0.07970028877778812
76,scissors,0.5287115300283387,0.3611111111111111,0.3884729965011033,0.29087062116991,0.474930943109435,0.3763541888680964,-0.08548356769818638
17,horse,0.7394916728972741,0.7463235294117647,0.7755561822459858,0.5633835581715746,0.8384008465279715,0.6491248021102134,-0.0857412439386388
69,oven,0.5138998906204529,0.5104895104895105,0.5087726615818804,0.3361181337348139,0.6200930121180741,0.444722985959526,-0.10860485222471206
31,snowboard,0.47139890450619876,0.45239170009375185,0.4091434670869085,0.29514073309666217,0.5686943644319473,0.43366833534188076,-0.1385276022452186
